station_id,district,latitude,longitude,station_type,install_year,pm25_annual_mean,no2_annual_mean,is_active,last_calibration_date
BUS-001,Nam-gu,35.32548,128.99372,background,2011,44.4,30.4,True,2023-03-15
BUS-002,Seo-gu,35.25493,129.17816,background,2022,28.6,32.7,True,2023-11-30
BUS-003,Seo-gu,35.30958,129.29169,background,2013,48.4,13.0,True,2023-03-15
BUS-004,Geumjeong-gu,35.21178,129.13685,roadside,2020,40.8,24.6,True,2023-01-20
BUS-005,Nam-gu,35.24785,128.90289,roadside,2006,12.4,11.5,True,2023-08-10
BUS-006,Nam-gu,35.12374,129.13885,background,2009,53.9,27.3,True,2022-12-01
BUS-007,Buk-gu,35.28456,128.89779,roadside,2008,43.8,21.5,True,2023-08-10
BUS-008,Geumjeong-gu,35.09287,129.25134,industrial,2020,44.9,15.1,True,2023-08-10
BUS-009,Nam-gu,35.27013,129.17802,background,2021,14.0,13.6,True,2023-01-20
BUS-010,Yeonje-gu,35.32986,128.95271,background,2022,29.2,30.6,True,2023-11-30
BUS-011,Jung-gu,35.06756,128.91852,industrial,2016,25.4,16.0,True,2023-03-15
BUS-012,Suyeong-gu,35.24118,128.95708,background,2010,51.6,42.4,True,2023-03-15
BUS-013,Haeundae-gu,35.05423,129.29161,industrial,2011,38.3,,True,2023-06-01
BUS-014,Busanjin-gu,35.28126,129.0726,background,2022,46.7,22.1,False,2023-11-30
BUS-015,Haeundae-gu,35.05042,129.20931,industrial,2005,28.8,30.7,True,2023-01-20
BUS-016,Dong-gu,35.35694,129.14729,roadside,2006,18.7,10.8,True,2023-11-30
BUS-017,Nam-gu,35.06947,129.12041,background,2020,34.1,43.5,True,2023-03-15
BUS-018,Gijang-gun,35.3652,128.94095,background,2007,11.0,26.9,True,2023-06-01
BUS-019,Haeundae-gu,35.30832,129.27733,roadside,2003,46.9,37.4,True,2023-08-10
BUS-020,Sasang-gu,35.23373,129.00656,roadside,2012,37.7,12.9,True,2023-08-10
BUS-021,Geumjeong-gu,35.30174,129.12277,industrial,2006,43.6,27.0,False,15/09/2023
BUS-022,Suyeong-gu,35.30624,129.17391,background,2020,24.7,27.2,True,2023-01-20
BUS-023,Gangseo-gu,35.36057,129.15268,roadside,2020,97.3,42.8,True,2023-01-20
BUS-024,Dongnae-gu,35.11122,129.27505,roadside,2005,50.0,30.0,True,2023-08-10
BUS-025,Sasang-gu,35.23243,128.94234,roadside,2011,44.6,26.6,True,2023-08-10
BUS-026,Gijang-gun,35.05422,129.09351,roadside,2022,17.1,19.3,True,2022-12-01
BUS-027,Saha-gu,35.24182,129.04969,industrial,2016,,21.6,True,15/09/2023
BUS-028,Youngdo-gu,35.08166,129.07915,roadside,2003,10.1,28.2,True,2022-12-01
BUS-029,Suyeong-gu,35.22338,128.93007,roadside,2012,,25.4,True,15/09/2023
BUS-030,Busanjin-gu,35.22607,128.93632,background,2013,40.1,,True,15/09/2023
BUS-031,Seo-gu,35.18775,128.99679,roadside,2014,43.0,38.9,True,2022-12-01
BUS-032,Dongnae-gu,35.20815,129.00798,roadside,1998,,41.4,False,2023-11-30
BUS-033,Gijang-gun,35.29501,129.05972,background,2005,23.3,,True,2022-12-01
BUS-034,Suyeong-gu,35.30773,129.13661,background,2019,25.4,29.4,True,15/09/2023
BUS-035,Haeundae-gu,35.19718,129.14654,industrial,2004,30.1,13.8,True,15/09/2023
BUS-036,Yeonje-gu,35.23585,129.05296,background,2005,16.9,33.5,False,2023-03-15
BUS-037,Nam-gu,35.35525,129.05169,background,2006,14.1,19.8,True,2022-12-01
BUS-038,Seo-gu,35.0631,128.9714,background,2002,30.4,33.1,False,2022-12-01
BUS-039,Dong-gu,35.06216,129.12709,industrial,2001,93.3,35.4,True,2023-08-10
BUS-040,Dong-gu,35.05158,129.01316,background,2006,,36.9,True,2023-11-30
BUS-041,Dong-gu,35.25683,128.89515,industrial,2019,28.5,13.8,False,2023-11-30
BUS-042,Gangseo-gu,35.1707,129.05573,background,1998,47.1,42.1,True,2023-03-15
BUS-043,Geumjeong-gu,35.29876,129.07914,industrial,2005,40.9,18.1,True,2023-06-01
BUS-044,Youngdo-gu,35.26164,128.97475,roadside,1999,22.7,11.3,True,15/09/2023
BUS-045,Sasang-gu,35.14011,129.12043,background,2012,47.1,29.4,True,15/09/2023
BUS-046,Buk-gu,35.34341,129.11762,roadside,2004,45.8,23.0,True,15/09/2023
BUS-047,Haeundae-gu,35.29451,129.17484,background,2017,26.2,39.0,True,15/09/2023
BUS-047,Haeundae-gu,35.11739,129.15214,background,2012,21.6,,True,2023-01-20
BUS-049,Saha-gu,35.15111,129.15402,industrial,2017,40.1,21.1,True,2023-03-15
BUS-050,Seo-gu,35.1332,129.01281,industrial,2013,14.6,43.4,True,15/09/2023
BUS-051,Suyeong-gu,35.07674,129.21072,roadside,2008,17.4,20.2,True,2023-06-01
BUS-052,Seo-gu,35.0732,129.11064,background,2019,8.3,28.0,True,15/09/2023
BUS-053,Jung-gu,35.35701,129.0612,background,2009,45.0,19.0,True,2022-12-01
BUS-054,Jung-gu,35.17765,129.14293,roadside,2021,,,True,2023-03-15
BUS-055,Gijang-gun,35.158,129.03148,roadside,2022,41.1,15.8,True,15/09/2023
BUS-056,Jung-gu,35.28269,129.09535,roadside,2012,44.7,11.6,True,2023-03-15
BUS-057,Haeundae-gu,35.21908,129.18942,background,2014,29.6,25.2,True,2023-08-10
BUS-058,Sasang-gu,35.35701,129.25229,background,2004,34.7,44.7,True,2023-01-20
BUS-059,Seo-gu,35.30091,129.26684,industrial,2018,14.6,41.2,False,2023-06-01
BUS-060,Busanjin-gu,35.19257,129.09153,background,2014,13.4,36.2,True,2023-06-01
BUS-061,Jung-gu,35.15549,129.09852,industrial,2020,39.4,41.2,True,2023-03-15
BUS-062,Gijang-gun,35.37519,129.21595,roadside,2004,30.1,41.3,True,2023-11-30
BUS-063,Gijang-gun,35.27839,129.01207,background,2017,,28.2,True,2023-01-20
BUS-064,Dongnae-gu,35.36243,129.2317,roadside,2009,44.0,,True,2022-12-01
BUS-065,Seo-gu,35.06265,129.08754,background,2002,37.8,37.0,True,2023-08-10
BUS-066,Dong-gu,35.32619,128.92866,industrial,2002,34.0,33.2,False,15/09/2023
BUS-067,Youngdo-gu,35.24935,128.91026,industrial,2012,34.3,23.1,True,2023-06-01
BUS-068,Saha-gu,35.06389,129.23364,industrial,2005,22.3,13.3,True,2023-11-30
BUS-069,Dongnae-gu,35.23177,128.90334,roadside,2000,9.4,36.1,False,2023-06-01
BUS-070,Geumjeong-gu,35.26699,128.99786,roadside,2008,28.5,19.2,True,2023-08-10
BUS-071,Dongnae-gu,35.02443,129.02033,roadside,2014,18.1,42.8,True,2023-06-01
BUS-072,Gangseo-gu,35.18355,128.95266,roadside,2005,27.2,18.4,False,2023-11-30
BUS-073,Gangseo-gu,35.31714,129.01184,background,2021,,14.3,False,2023-11-30
BUS-074,Geumjeong-gu,35.12633,129.19193,background,2017,19.0,39.1,True,2023-03-15
BUS-075,Dongnae-gu,35.18508,128.88617,background,2010,10.7,,True,2023-11-30
BUS-076,Busanjin-gu,35.17923,129.22741,industrial,2021,21.2,16.3,True,2023-11-30
BUS-077,Nam-gu,35.12869,129.23975,background,2008,21.8,31.0,True,2023-06-01
BUS-078,Gijang-gun,35.35064,129.03635,industrial,2001,39.1,40.6,True,2023-03-15
BUS-079,Suyeong-gu,35.30127,128.94452,roadside,1998,34.2,16.9,True,2023-03-15
BUS-080,Saha-gu,35.05981,129.13235,roadside,2021,44.8,20.9,True,2023-03-15
BUS-081,Suyeong-gu,35.37893,128.93026,background,2021,39.2,37.2,True,2023-11-30
BUS-082,Youngdo-gu,35.33651,129.03327,industrial,2016,27.1,44.0,True,2023-03-15
BUS-083,Gijang-gun,35.12221,129.28254,roadside,2000,46.3,27.5,True,2023-08-10
BUS-083,Gijang-gun,35.32128,129.2981,background,2005,15.8,15.0,True,2023-06-01
BUS-085,Yeonje-gu,35.05831,129.20428,background,1999,9.1,10.5,False,2022-12-01
BUS-086,Dongnae-gu,35.37968,129.0106,roadside,1999,12.2,18.0,True,2022-12-01
BUS-087,Sasang-gu,35.25965,129.16882,roadside,2004,42.0,14.6,True,2023-11-30
BUS-088,Gangseo-gu,35.25405,129.17627,industrial,2012,29.7,33.7,True,2023-08-10
BUS-089,Gangseo-gu,35.05256,129.04289,background,1999,15.6,14.3,True,2023-03-15
BUS-090,Dong-gu,35.34293,129.14917,roadside,2022,31.5,27.7,True,2023-06-01
BUS-091,Buk-gu,35.03044,128.88451,industrial,2009,,34.3,True,2023-06-01
BUS-092,Haeundae-gu,35.1067,128.9678,roadside,2004,,30.3,True,2023-03-15
BUS-093,Nam-gu,35.07149,129.10054,industrial,2010,,17.0,True,15/09/2023
BUS-094,Sasang-gu,35.29964,128.94878,roadside,2017,25.9,38.1,False,15/09/2023
BUS-095,Yeonje-gu,35.09135,128.94968,background,2005,22.2,35.0,True,2023-01-20
BUS-096,Nam-gu,35.34783,129.23125,roadside,1999,37.6,35.9,True,15/09/2023
BUS-097,Sasang-gu,35.25626,129.29544,roadside,1999,25.0,14.6,True,2023-08-10
BUS-098,Geumjeong-gu,35.03302,129.11351,industrial,2019,12.1,14.3,True,2023-01-20
BUS-099,Dong-gu,35.02195,129.23241,roadside,2000,119.7,42.5,True,2023-08-10
BUS-100,Saha-gu,35.0386,129.29594,roadside,2013,53.2,23.9,True,2023-03-15
BUS-101,Saha-gu,35.23813,128.93947,roadside,2007,50.7,,True,2023-08-10
BUS-102,Suyeong-gu,35.30853,129.06826,background,2017,40.9,27.1,False,2022-12-01
BUS-103,Saha-gu,35.10588,129.04488,industrial,1999,20.5,33.2,True,2023-08-10
BUS-104,Busanjin-gu,35.32579,128.91362,industrial,2020,53.6,43.4,True,15/09/2023
BUS-105,Saha-gu,35.0406,129.19724,roadside,2015,44.6,20.0,True,2023-08-10
BUS-106,Sasang-gu,35.30835,129.06219,roadside,2009,41.7,42.4,False,2022-12-01
BUS-107,Sasang-gu,35.35401,129.07712,roadside,2003,29.1,10.9,True,2023-03-15
BUS-108,Nam-gu,35.29796,128.94328,background,2022,20.8,29.4,True,15/09/2023
BUS-109,Gangseo-gu,35.27132,128.95599,industrial,2005,12.5,32.2,False,2023-03-15
BUS-110,Dong-gu,35.32167,129.26098,background,2010,50.4,13.7,False,2023-08-10
BUS-111,Buk-gu,35.03445,128.89875,background,2007,29.4,,True,15/09/2023
BUS-112,Dongnae-gu,35.09264,128.9778,roadside,2003,17.5,24.7,True,2023-06-01
BUS-113,Youngdo-gu,35.06497,129.00266,industrial,2008,22.4,43.8,True,2023-11-30
BUS-114,Gangseo-gu,35.20163,129.08588,background,2001,35.2,30.9,False,15/09/2023
BUS-115,Seo-gu,35.28827,129.12631,roadside,1998,16.3,42.7,True,2023-03-15
BUS-116,Gijang-gun,35.2468,129.08718,roadside,2005,48.3,38.2,True,2023-01-20
BUS-117,Yeonje-gu,35.32641,128.91533,roadside,2000,43.7,26.4,True,2023-01-20
BUS-118,Dongnae-gu,35.07588,128.98234,roadside,2008,41.8,37.5,True,2023-01-20
BUS-119,Saha-gu,35.28446,129.23431,roadside,2019,28.3,10.6,True,2022-12-01
BUS-120,Yeonje-gu,35.08949,129.14779,background,2002,37.5,13.8,True,15/09/2023
