디자인 이름,역사적 시대,문화적 배경,정치적 배경,사용 기술,사용 재료,색상 팔레트,타이포그래피,로고 특징,심볼 요소,주요 에셋,참고 이미지,디자인 원칙
90년대 해와 달,1990년대,그런지(Grunge), 포스트모더니즘, 초기 인터넷 문화 확산,X세대 문화,냉전 종식 후 세계화,Photoshop, Illustrator, QuarkXPress,아날로그+디지털 혼합,종이 질감, 필름 사진,금속, 플라스틱,네온 컬러, 더스티 컬러, 그런지 톤, 대비 강한 색상,실험적 타이포그래피, 비정형적 레이아웃, 그런지 폰트,깨진 글자, 왜곡된 형태,자유분방함, 태양, 달, 별, 추상적 기호,그런지 텍스처, 필름 그레인, 빛바랜 효과, 낙서 스타일,,자유로움, 반항, 실험정신
Ancient Pictographic Art,고대 (기원전 수천년),원시 종교 및 주술, 부족 사회, 자연 숭배,부족 중심의 원시 정치 체제,수작업 (조각, 그림),돌, 흙, 나무, 천연 안료,흙색, 검정, 빨강 등 자연에서 얻은 제한된 색상,형태 기반의 원시 문자, 상징적 그림,단순화된 동물, 인간, 자연물 형상,동물, 태양, 달, 기하학적 무늬,손자국, 단순화된 인물 및 동물 그림,,상징성, 주술성, 기록
Ancient Roman Decorative,고대 로마 (기원전 1세기 - 기원후 5세기),로마 제국의 번영, 그리스 문화 계승 및 발전, 공공 건축 및 예술 발달,제정 로마의 강력한 중앙집권,수공예, 모자이크, 프레스코, 조각,테라코타, 대리석, 청동, 유리,다채롭고 풍부한 색상, 특히 빨강, 금색, 파랑 선호,정교한 세리프체 (트라야누스체 등), 비문,장엄하고 대칭적인 구성, 월계관, 독수리, 이니셜 활용,월계수 잎, 독수리, 포도, 아칸서스 잎, 신화적 인물,모자이크 타일, 프레스코 벽화, 조각상, 화려한 테두리 장식,,웅장함, 질서, 균형, 현실주의
Art Deco,모더니즘,1920-30년대 유럽과 미국에서 번성한 사치와 화려함을 추구하는 문화적 분위기, 재즈 시대의 활기찬 도시 생활,제1차 세계대전 이후 경제적 번영기, 식민지 개척으로 인한 다양한 문화 유입,Illustrator, Photoshop, 금속/유리 공예,금속, 세라믹, 유리, 고급 목재, 래커,골드, 실버, 블랙, 에메랄드 그린, 사파이어 블루 등 대담하고 화려한 색상 조합, 크롬, 아이보리,기하학적이고 장식적인 산세리프 또는 세리프 서체, 직선과 완만한 곡선의 조화, 대담한 크기 대비, 대문자 사용 강조,지그재그 패턴, 선버스트 모티프, 기하학적 형태의 화려한 조합, 대칭적 구성,이집트, 아즈텍, 아프리카 문화에서 영감을 받은 장식적 요소, 계단식 형태, 동식물의 양식화된 표현,기하학적 패턴, 지그재그 라인, 화려한 일러스트레이션, 대담한 타이포그래피, 광택있는 표면,,강조, 대비, 리듬, 대칭, 화려함
Art Nouveau,19세기 말 - 20세기 초 (1890-1910),산업혁명에 대한 반발, 자연주의와 상징주의 영향, 새로운 예술 양식 추구,벨 에포크 시대의 낙관주의와 불안정, 민족주의 부상,수공예, 석판화, 금속 공예, 유리 공예, Illustrator, Photoshop,철, 유리, 목재, 세라믹, 직물, 보석,자연에서 영감받은 부드러운 색조 (올리브 그린, 연보라, 황토색, 크림색), 금색, 은색 포인트,유기적이고 장식적인 곡선 형태의 서체, 식물 덩굴이나 여성의 머리카락을 연상시키는 라인,비대칭적 구성, 흐르는 듯한 곡선, 자연 모티프(꽃, 덩굴, 곤충, 여성) 활용,백조, 공작, 잠자리, 나비, 꽃(백합, 아이리스), 여성의 긴 머리카락, 파도치는 선,유기적인 패턴, 곡선적인 프레임, 장식적인 일러스트레이션, 자연 모티프,,유기적 통일성, 장식성, 비대칭, 유동성, 자연과의 조화
Arts and Crafts Movement,19세기 후반 - 20세기 초 (1860-1910),산업혁명의 기계 생산에 대한 반발, 수공예의 가치 부활 운동, 중세 장인정신 동경,빅토리아 시대 후기, 사회 개혁 운동의 일환,수공예 (목공, 직조, 스테인드글라스, 인쇄),목재, 섬유, 금속, 유리, 타일,자연에서 유래된 차분하고 따뜻한 색상 (녹색, 갈색, 주황색, 크림색),중세풍의 장식적 서체, 가독성 중시, 수작업 느낌의 레터링,단순하고 정직한 형태, 자연 모티프 사용, 장인 정신 강조,식물, 꽃, 새 등 자연 모티프, 단순화된 기하학적 패턴, 중세 문양,패턴 디자인 (월페이퍼, 텍스타일), 수공예 가구, 스테인드글라스, 책 디자인,,수공예의 가치, 재료의 정직성, 단순성, 기능성, 자연주의
Baroque,17세기 - 18세기 초 (1600-1750),절대왕정 시대의 웅장함과 화려함, 가톨릭의 반종교개혁 운동, 극적이고 감정적인 표현 추구,절대 군주들의 권력 과시, 종교적 갈등,회화, 조각, 건축, 장식 예술, 유화, 프레스코,금, 청동, 대리석, 고급 목재, 풍부한 직물,극적 대비가 있는 풍부하고 깊은 색상, 금색, 진홍색, 짙은 파란색, 화려하고 장식적인 서체, 곡선적이고 역동적인 형태,웅장하고 대칭적인 구성, 화려한 문장, 왕관, 종교적 상징,아칸서스 잎, 조개껍데기, 천사, 화려한 소용돌이 문양,과장된 장식, 극적인 조명 효과, 풍부한 질감, 역동적인 구성,,웅장함, 극적임, 화려함, 역동성, 감정적 표현
Bauhaus,모더니즘,독일의 바이마르 공화국 시기, 산업화와 대량생산이 확산되는 시기에 탄생한 디자인 학교 및 운동,제1차 세계대전 이후 독일의 새로운 국가 정체성 모색 시기, 좌파적 사상과 산업 민주화 운동의 영향,Illustrator, UI/UX Tools, 전통적 인쇄 및 공예 기술,금속, 유리, 플라스틱, 콘크리트, 목재,빨강, 파랑, 노랑의 원색과 검정, 흰색, 회색의 무채색 대비 강조,산세리프 폰트 (예: Futura, Universal), 기능적이고 명확한 서체 사용, 그리드 기반 레이아웃, 소문자 사용 강조 (허버트 바이어),기하학적 형태와 단순한 구조, 불필요한 장식 제거, 기능성 강조, 비대칭적 균형,기본 도형(원, 삼각형, 사각형)과 직선적 구조, 색면 구성,기하학적 패턴, 그리드 시스템, 모듈러 디자인 요소, 명확한 타이포그래피,,균형, 기능성, 단순성, 표준화, 형태는 기능을 따른다
Byzantine Mosaic Style,중세 (4세기 - 15세기),동로마 제국의 기독교 중심 문화, 종교적 상징성과 화려함 추구, 황제의 권위 강조,신정정치 체제, 황제의 절대 권력,모자이크 공예, 종교 건축,유리, 돌, 금박 타일 (테세라),금색 배경, 파랑, 초록, 빨강 등 선명하고 상징적인 색상,상징적이고 장식적인 문자 (그리스 문자 등),성인(聖人), 예수, 마리아, 황제 등 종교적, 권위적 인물,십자가, 비둘기, 물고기, 포도나무 등 기독교 상징,모자이크 벽화, 금색 배경, 정형화된 인물 표현, 후광,,신성함, 영원함, 상징성, 화려함, 권위
Chinoiserie,18세기 유럽,유럽의 동양(특히 중국) 문화에 대한 동경과 이국적 취향, 로코코 양식과 결합,계몽주의 시대, 국제 교역 확대,회화, 가구 디자인, 도자기, 텍스타일,목재, 도자기, 실크, 래커,파스텔톤, 금색, 빨강, 검정 등, 동양적인 색감 활용,장식적이고 이국적인 느낌의 서체 (때로는 상상에 기반),중국풍의 인물, 풍경, 건축물, 파고다, 용, 봉황,중국식 정자, 용, 봉황, 꽃과 새, 비단 옷을 입은 인물,이국적인 풍경화, 중국식 가구, 도자기 패턴, 실크 벽지,,이국적 정취, 장식성, 비대칭, 우아함, 환상적 분위기
Classical Illustration,르네상스 이후 ~ 19세기,고전주의 부활, 해부학적 정확성과 이상적 아름다움 추구, 문학 작품 삽화,다양한 정치 체제 하에서 예술 후원,드로잉, 판화 (동판화, 석판화), 수채화,종이, 잉크,펜, 잉크, 수채 물감, 정교하고 우아한 색상, 고전적 세리프체, 명확하고 균형잡힌 레이아웃,신화 속 인물, 역사적 장면, 문학적 주제, 알레고리,월계관, 리라, 기둥, 토가 의상, 이상화된 인물,정교한 선 드로잉, 명암법, 해부학적 정확성, 이상적인 인물 표현,,균형, 조화, 이상미, 명료성, 서사성
Constructivism,1910년대 - 1930년대 초 러시아,러시아 혁명 이후 사회주의 건설과 새로운 사회를 위한 예술 추구, 기능주의와 추상미술 결합,볼셰비키 혁명 및 소련 초기, 사회주의 이념 전파,포스터 디자인, 타이포그래피, 사진몽타주, 건축,금속, 유리, 나무, 종이 (선전물),강렬한 원색 (주로 빨강, 검정, 흰색), 기하학적 색면 대비,굵고 기하학적인 산세리프 폰트, 역동적인 사선 배치, 텍스트와 이미지 결합,추상적이고 기하학적인 형태, 비대칭적 구성, 역동성 강조,별, 톱니바퀴, 망치와 낫 (후기), 기하학적 도형,사진몽타주, 강렬한 타이포그래피, 사선 구도, 기하학적 도형,,사회적 기능성, 추상성, 역동성, 산업미, 선전과 계몽
Constructivism (초기),1910년대 러시아,추상 미술에서 발전, 순수 조형 요소 탐구, 예술의 사회적 역할 모색 시작,러시아 혁명 직전 및 초기, 예술적 아방가르드 운동,회화, 조각, 그래픽 디자인 초기 실험,목재, 금속, 유리, 캔버스, 종이,기본색(빨강, 파랑, 노랑)과 무채색(검정, 흰색, 회색) 중심, 기하학적 형태 강조,실험적인 산세리프, 텍스트의 조형적 활용 시도,기하학적 형태의 조합, 공간감 탐구, 추상적 구성,선, 면, 공간, 질감 등 순수 조형 요소,추상 회화, 공간 구성물, 초기 그래픽 실험,,형태의 순수성, 재료의 물성, 공간 구성, 실험정신
Islamic Geometric Art,7세기 이후 이슬람 문화권,종교적 우상숭배 금지로 인한 기하학 및 식물 문양 발달, 수학적 원리 기반,이슬람 제국의 확장과 다양한 문화 융합,타일 공예, 건축 장식, 서예, 카펫 디자인,타일, 석재, 목재, 금속, 유리,다채롭지만 조화로운 색상, 파랑, 초록, 황토색, 흰색 등, 코란 구절을 활용한 아름다운 아랍 서예,복잡하고 대칭적인 기하학적 패턴, 별, 다각형, 반복과 순환,별, 다각형, 아라베스크(식물 덩굴 문양), 서예,반복되는 기하학 패턴, 아라베스크 문양, 정교한 타일워크,,무한함, 반복, 대칭, 질서, 신성한 조화
Jugendstil,19세기 말 - 20세기 초 독일/오스트리아,아르누보의 독일어권 명칭, 자연적 형태와 장식성 추구, 청년(Jugend) 잡지에서 유래,독일 제국 및 오스트리아-헝가리 제국 시기, 산업화와 도시화,수공예, 그래픽 디자인, 건축, 회화,유리, 금속, 목재, 세라믹,자연에서 영감받은 부드러운 색감, 유기적이고 장식적인 색상 조합,곡선적이고 장식적인 서체, 식물 모티프와 결합,유기적 형태, 비대칭적 구성, 자연 모티프 활용,꽃, 덩굴, 여성, 동물 등 자연적 요소, 기하학적 요소 혼용,유기적 패턴, 장식적 일러스트, 포스터, 건축 장식,,유기적 형태, 장식성, 젊음, 자연과의 조화, 총체예술
Medieval Ornamentation,중세 (5세기 - 15세기),기독교 중심 사회, 종교적 상징과 장식 발달, 다양한 지역적 스타일 혼재 (로마네스크, 고딕 등),봉건제 사회, 교회의 강력한 영향력,필사본 삽화, 건축 조각, 스테인드글라스, 금속 공예,양피지, 석재, 목재, 금속, 유리,금색, 빨강, 파랑 등 상징적 의미를 지닌 강렬한 색상,장식적인 고딕체, 켈트 문자 등, 텍스트와 장식의 결합,상징적 동물, 식물, 기하학적 패턴, 종교적 인물,십자가, 사자, 용, 포도나무, 켈트 매듭 문양,채식 필사본, 스테인드글라스 창문, 조각 장식, 금속 공예품,,신앙심, 상징성, 장식성, 위계질서
Mesopotamian Geometric,고대 메소포타미아 (기원전 4천년 - 기원전 6세기),도시 국가 발달, 종교 및 왕권 중심 사회, 문자 발명,쐐기 문자 사용, 강력한 왕권 국가,점토판 조각, 인장, 건축 장식,테라코타, 돌, 청동,점토색, 검정, 흰색, 파랑(라피스 라줄리),기하학적 패턴, 쐐기 문자 자체가 조형 요소,단순 기하학적 형태, 동물 및 인간의 양식화, 반복 패턴,동물(황소, 사자), 신화적 존재, 기하학적 무늬(지그재그, 마름모),원통형 인장, 부조 장식, 채색 타일 벽,,질서, 상징성, 내구성, 반복
Mid-century Modern,20세기 중반 (1940년대 - 1960년대),제2차 세계대전 이후 실용성과 낙관주의, 새로운 소재와 기술 발달, 스칸디나비아 디자인 영향,전후 경제 성장기, 교외화, 대량생산,가구 디자인, 건축, 그래픽 디자인,산업용 재료 (플라스틱, 합판, 유리섬유, 알루미늄), 목재,유기적 형태와 기하학적 형태의 조화, 밝고 대담한 색상 또는 차분한 자연색,깔끔한 산세리프, 기능적이고 현대적인 서체,단순하고 유기적인 형태, 기능성 강조, 불필요한 장식 배제,추상적 형태, 별 모양, 부메랑 형태, 원자 모티프,단순한 가구 라인, 그래픽 패턴, 개방형 평면 구조,,기능성, 단순성, 유기적 형태, 정직한 재료 사용, 실내외 통합
Modernist Graphic Design,20세기 초 - 중반,바우하우스, 구성주의, 데 스틸 등 다양한 모더니즘 운동의 영향, 기능성과 명료성 추구,산업화, 도시화, 새로운 커뮤니케이션 수단 필요,타이포그래피, 포스터, 편집 디자인, 사진,인쇄 기술, 사진 기술,그리드 시스템, 산세리프, 비대칭 레이아웃, 제한된 색상 사용,강력하고 명확한 산세리프 (Helvetica, Futura, Akzidenz-Grotesk), 그리드 기반, 좌측 정렬,기하학적 형태, 사진 활용, 불필요한 장식 배제, 정보의 명확한 전달,기본 도형, 강렬한 색면, 사진,추상적 구성, 그리드 시스템, 기능적 타이포그래피,,명료성, 기능성, 객관성, 보편성, 질서
Neoclassical Minimalism,현대 (20세기 후반 - 현재),신고전주의의 질서와 미니멀리즘의 단순성 결합, 절제된 우아함 추구,포스트모더니즘 이후 다양한 스타일 공존,디지털 디자인, 건축, 인테리어, 그래픽,디지털 도구, 고급 천연 소재 (대리석, 목재), 금속,유채색 및 저채도 색상, 흰색, 회색, 베이지, 섬세한 포인트 색상,우아하고 가독성 높은 세리프 또는 산세리프, 충분한 여백, 정제된 타이포그래피,대칭, 균형, 절제된 장식, 깨끗한 선, 고전적 비율 참조,단순화된 고전적 요소 (기둥, 아치 형태), 기하학적 형태,넓은 여백, 정제된 디테일, 고급스러운 질감, 깨끗한 라인,,절제, 균형, 조화, 우아함, 단순성 속의 정교함
Neoclassicism,18세기 후반 - 19세기 초,고대 그리스와 로마 예술에 대한 재관심, 계몽주의 사상 반영, 이성과 질서 중시,프랑스 혁명, 나폴레옹 시대, 고대 공화정 이상화,회화, 조각, 건축, 장식 예술,대리석, 청동, 목재,고전적이고 차분한 색상, 명확한 윤곽선, 절제된 색 사용,고전적인 로만 서체, 명확하고 균형잡힌 구성,대칭적이고 균형잡힌 구성, 고전적 모티프, 영웅적이고 교훈적인 주제,월계관, 기둥, 주름 장식, 신화 속 영웅, 토가,조각 같은 인물 표현, 명확한 윤곽선, 균형잡힌 구도, 이상화된 형태,,이성, 질서, 균형, 조화, 고귀한 단순과 고요한 위대함
Op Art,1960년대,시각적 착시 효과를 이용한 추상 미술, 관람자의 지각 반응 탐구,옵티컬 아트(Optical Art)의 약자, 과학적 원리 적용,회화, 판화, 그래픽 디자인,패턴, 기하학적 형태, 반복, 대비,주로 흑백의 강한 대비, 때로는 보색 대비를 통한 진동 효과,명확하고 기하학적인 형태와 결합된 타이포그래피 (로고 등에 활용),반복적인 기하학적 패턴, 파동, 소용돌이, 잔상 효과 유도,선, 사각형, 원, 평행선, 격자무늬,반복적인 패턴, 착시 현상, 움직이는 듯한 효과,,시각적 착시, 움직임, 역동성, 비객관성, 관객 참여
Pop Art,1950년대 중후반 - 1960년대,대중문화와 소비 사회를 미술의 주제로 삼음, 광고, 만화, 상품 이미지 차용,전후 대량생산 및 소비문화 확산, 미디어 발달,실크스크린, 콜라주, 회화, 조각, (현대) Illustrator, Photoshop,아크릴 물감, 상업 인쇄물, 플라스틱,밝고 대담한 원색, 형광색, 벤데이 점(Benday dots), 명확한 윤곽선,만화 스타일의 말풍선, 굵고 장식적인 서체, 상업 광고 문구 스타일,상품 로고, 유명인 이미지, 반복적 사용, 대담한 크기,만화 캐릭터, 수프 캔, 콜라 병, 유명인(마릴린 먼로 등),달러 지폐, 하트, 별, 반복되는 이미지, 유명인 초상, 상품 이미지, 만화 컷,,대중성, 아이러니, 반복, 소비문화 반영, 밝고 대담함
Pop Art (초기),1950년대 중반,영국에서 시작 (독립 그룹), 미국 대중문화에 대한 비판적 관심, 아카데미즘에 대한 반발,전후 재건과 미국 문화의 영향력 증대,콜라주, 포토몽타주, 회화,잡지, 신문, 광고 이미지 등 기존 인쇄물,다양한 색상 사용, 실제 사물 색상 반영 또는 의도적 변형,기존 인쇄물의 타이포그래피 활용, 손글씨, 스텐실,일상용품, 광고 이미지, 영화 스틸컷, 핀업걸,자동차, 가전제품, 유명인, 대중문화 아이콘,콜라주 기법, 광고 이미지 차용, 일상적 오브제,,대중문화 비판과 수용, 소비사회 성찰, 즉흥성
Primitive Symbolism,선사 시대 - 고대 초기,자연 현상, 동물, 인간 활동 등을 단순화된 상징으로 표현, 주술적, 종교적 의미,부족 사회, 자연 숭배, 생존과 번식 기원,조각, 암각화, 동굴 벽화, 토기 장식,돌, 뼈, 나무, 흙, 천연 안료,흙색, 검정, 흰색, 붉은색 등 자연에서 얻은 제한된 색상,상징적 기호, 그림 문자 초기 형태,단순화된 형태, 반복적 패턴, 추상적 기호,동물, 인간, 태양, 달, 물결, 기하학적 도형,단순화된 동물 및 인물상, 기하학적 무늬, 손도장,,상징성, 주술성, 생명력, 집단적 염원
Psychedelic Art,1960년대 중후반,반문화 운동, LSD 등 환각제 경험 시각화, 의식 확장 추구,베트남 전쟁 반대, 히피 문화, 동양 철학 관심,포스터, 앨범 커버, 라이트 쇼, 일러스트레이션, 형광 잉크,옵아트 기법, 콜라주, 사진 왜곡,강렬하고 대비되는 형광색, 무지개색, 소용돌이치는 색상,왜곡되고 흘러내리는 듯한 장식적 서체, 읽기 어려울 정도의 변형,아메바 형태, 만다라, 눈(eye) 모티프, 기하학적 패턴과 유기적 형태의 혼합,소용돌이, 파동, 꽃, 버섯, 눈, 만다라, 인물 왜곡,화려한 패턴, 왜곡된 이미지, 강렬한 색채 대비, 유동적인 형태,,환각적 경험, 의식 확장, 반권위, 자유로운 표현, 초월적 세계
Rococo,18세기 중반 (1730-1770),바로크의 웅장함에 대한 반동, 섬세하고 우아하며 사적인 공간 장식 선호, 루이 15세 시대,절대왕정 후기 귀족 문화, 살롱 문화 발달,회화, 조각, 가구, 도자기, 실내 장식,목재, 도자기, 실크, 금박, 파스텔,부드러운 파스텔톤 (핑크, 하늘색, 연두색, 크림색), 금색, 은색의 섬세한 사용,우아하고 장식적인 필기체 스타일, 곡선적인 형태, 비대칭적 레이아웃,비대칭적 구성, 곡선적이고 유동적인 형태, 작고 섬세한 장식,조개껍데기(로카이유), S자 C자 곡선, 꽃, 큐피드, 리본,섬세한 가구, 파스텔톤 회화, 도자기 인형, 화려한 거울 프레임,,우아함, 섬세함, 경쾌함, 비대칭, 장식성, 사적인 즐거움
Romanticism,18세기 말 - 19세기 중반,계몽주의의 이성주의에 대한 반발, 감정, 상상력, 개성, 자연, 중세에 대한 동경,프랑스 혁명 이후 사회적 혼란, 민족주의 대두,회화, 문학, 음악, 건축, 풍경화, 역사화,유화, 수채화, 판화,다양하고 극적인 색채, 풍부한 명암 대비, 감정을 자극하는 색조,표현력이 풍부하고 개성적인 서체 (책표지 등), 감성적 레이아웃,자연 풍경(폭풍, 폐허), 역사적/신화적 장면, 개인의 감정 표현,폐허, 폭풍우 치는 바다, 고독한 인물, 중세 기사, 이국적 풍경,극적인 풍경화, 감정이 풍부한 인물 표현, 신비로운 분위기,,감정, 상상력, 개성, 자연숭배, 주관성, 이국적 정서
Secessionist Style,19세기 말 - 20세기 초 (주로 비엔나 분리파),기존 아카데미즘에 반발한 예술가 그룹(분리파)의 양식, 아르누보/유겐트슈틸과 유사,오스트리아-헝가리 제국 말기, 새로운 예술 운동,그래픽 디자인(포스터), 회화, 건축, 공예,금속, 유리, 세라믹, 목재, 석판화,기하학적 요소와 유기적 요소의 조화, 금색, 검정, 흰색 등 대비, 장식적 색채,독특하고 양식화된 서체, 기하학적 형태와 결합, 기하학적 프레임,정제된 장식, 기하학적 패턴과 상징적 인물 결합, 대칭과 비대칭 혼용,올빼미, 월계수, 기하학적 문양, 양식화된 인물, 구스타프 클림트의 작품 연상,기하학적 패턴, 황금색 사용, 장식적 포스터, 총체예술적 건축,,예술의 자율성, 장식과 구조의 통합, 상징주의, 기하학적 조형미
Social Realism,1920년대 - 1950년대 (특히 소련, 중국 등 사회주의 국가),사회주의 이념을 선전하고 노동자 계급의 삶과 투쟁을 사실적으로 묘사,프로레타리아 독재, 국가 주도 예술 정책,회화, 조각, 포스터, 영화,선전용 인쇄물, 유화, 청동,강렬하고 선명한 색상, 긍정적이고 영웅적인 분위기,이념을 전달하는 명확하고 힘찬 서체, 선동적 문구,영웅적인 노동자, 농민, 군인, 지도자 숭배, 이상화된 현실,망치와 낫, 붉은 별, 깃발, 트랙터, 공장,영웅적 인물상, 집단 노동 장면, 밝은 미래에 대한 약속,,이념 선전, 계급투쟁, 낙관주의, 영웅주의, 교훈성
Streamline Moderne,1930년대 - 1940년대,아르데코 후기 양식, 공기역학적 유선형 디자인, 속도와 효율성 상징,대공황 시기, 미래에 대한 낙관과 기술 발전 기대,건축, 운송기기 디자인(기차, 자동차, 비행기), 가구, 가전제품,크롬, 유리, 베이클라이트, 스테인리스 스틸,부드러운 파스텔톤, 크림색, 은색, 수평적 색띠,곡선적이고 부드러운 산세리프, 수평적 강조, 유선형 로고타입,둥근 모서리, 수평선 강조, 유선형 곡면, 최소한의 장식,스피드 라인(수평 줄무늬), 원형 창문, 매끄러운 표면,유선형 건물, 크롬 장식, 매끄러운 가전제품, 수평 줄무늬 패턴,,속도, 효율성, 미래지향성, 기능미, 유선형
Swiss Style (International Typographic Style),1950년대 - 1960년대,모더니즘, 기능주의, 객관성과 명료성 추구, 그리드 시스템 기반,전후 국제 교류 활발, 보편적 정보 전달 필요성 증대,타이포그래피, 포스터, 편집 디자인, 기업 아이덴티티,인쇄 기술, 사진,제한적 색상 사용 (주로 흑백, 빨강 등 포인트 색상), 명료한 색면 대비,산세리프 (Helvetica, Univers, Akzidenz-Grotesk), 그리드 시스템, 비대칭 레이아웃, 좌측 정렬, 텍스트 계층 명확화,불필요한 장식 배제, 사진의 객관적 사용, 명확한 정보 전달, 비대칭 균형,기하학적 도형, 그리드 선, 고품질 사진,추상적이고 기하학적인 그래픽, 그리드 기반 레이아웃, 명확한 타이포그래피,,명료성, 가독성, 객관성, 질서, 그리드 시스템, 보편성
Victorian Ornamental,19세기 (빅토리아 여왕 시대, 1837-1901),산업혁명으로 인한 부의 축적, 화려하고 복잡한 장식 선호, 다양한 과거 양식 혼합,대영제국의 전성기, 중산층 성장, 도덕적 엄숙주의,인쇄술 발달, 가구, 건축, 패션, 장식미술,목재, 철, 직물, 유리, 종이,어둡고 깊은 색상 (버건디, 포레스트 그린, 네이비 블루), 금색, 화려한 패턴,화려하고 장식적인 서체, 복잡한 곡선, 장식 프레임,꽃, 덩굴, 리본, 동물, 천사 등 다양한 모티프의 과도한 사용, 만국박람회 영향,다양한 역사적 양식의 요소(고딕, 로코코, 르네상스) 혼합, 자연물 모티프,과도한 장식, 복잡한 패턴, 텍스처가 풍부한 직물, 앤티크 가구,,과시적 장식성, 복잡성, 역사주의, 도덕성, 풍요로움
Wiener Werkstätte,20세기 초 (1903-1932) 비엔나,미술공예운동과 아르누보의 영향, 디자인과 공예의 통합 추구, '총체예술' 지향,오스트리아-헝가리 제국 시기, 고급 수공예품 생산,가구, 금속공예, 도자기, 유리, 텍스타일, 그래픽 디자인,고급 목재, 은, 유리, 세라믹, 가죽, 직물,기하학적 패턴과 단순화된 형태, 흑백 대비, 제한적 색상 사용, 명료한 색면,독특하고 기하학적인 서체, 그리드 사용, 명확한 레이아웃,로고 자체가 기하학적이고 단순한 상징으로 기능, WW 모노그램,사각형, 삼각형 등 기하학적 형태, 단순화된 자연 모티프, 격자무늬,기하학적 패턴의 직물 및 벽지, 단순하고 기능적인 가구, 금속 공예품,,기능성과 미적 가치의 통합, 좋은 디자인의 보급, 수공예의 질, 기하학적 단순미
World War II Propaganda,2차 세계대전 기간 (1939-1945),전쟁 참여 독려, 적개심 고취, 애국심 고양, 이념 선전,전시 체제, 국가 총력전, 강력한 정부 통제,포스터, 전단지, 영화, 라디오 방송,인쇄술, 사진, 만화,강렬하고 단순한 색상 (국기 색상, 경고색), 극적 대비,힘차고 선동적인 서체, 명확한 메시지 전달, 감정에 호소하는 문구,적의 캐리커처, 영웅적 군인, 단결된 국민, 국기, 상징적 동물(독수리, 곰),국기, 무기, 군인, 지도자, 적을 상징하는 동물이나 인물,선명한 이미지, 간결한 슬로건, 애국적 상징물, 만화적 표현,,애국심 고취, 적개심 유발, 단결 호소, 이념 주입, 정보 통제
거친 그라데이션,현대 (2010년대 후반 - 현재),플랫 디자인의 단조로움 탈피, 디지털 화면에 깊이와 질감 부여, 노이즈 추가,Y2K 및 90년대 레트로 트렌드 영향, 소셜 미디어 디자인,Figma, Sketch, Photoshop, Illustrator, CSS,다양한 색상 조합, 때로는 예상치 못한 색상 전환, 노이즈/그레인 효과 추가,현대적 산세리프와 결합, 그라데이션 자체를 텍스트에 적용하기도 함,배경 요소, UI 카드, 로고 배경 등에 활용,추상적인 색상 혼합, 빛바랜 느낌, 필름 노이즈,색상 밴딩을 의도적으로 활용, 노이즈 텍스처, 불규칙한 색상 분포,,시각적 풍부함, 질감, 레트로 감성, 개성
글래스모피즘,현대 (2020년대 초반 유행),디지털 인터페이스의 진화, 스큐어모피즘과 플랫 디자인 이후 새로운 시각적 깊이 추구,기술 발전과 미학적 트렌드,Figma, Sketch, Adobe XD, Photoshop, Illustrator, CSS (backdrop-filter),디지털 (시각적 효과로 '유리 질감' 표현),밝고 다채로운 배경 위에 반투명한 흰색 또는 밝은 회색 레이어, 선명한 색상의 강조 요소,가독성 높은 현대적인 산세리프 폰트, 명확한 계층 구조,(스타일 자체가 로고 특징을 규정하기보다, 이 스타일을 적용한 UI/그래픽 요소에 나타남),반투명한 카드, 블러 처리된 배경, 은은한 그림자, 미묘한 테두리,반투명 레이어, 블러 효과, 빛나는 테두리, 그라데이션 배경,,시각적 계층, 투명성, 깊이감, 현대성, 미니멀리즘 기반의 장식성
글리치 아트,현대 (20세기 후반 - 현재),디지털 또는 아날로그 오류를 미학적으로 활용, 기술적 결함의 의도적 재현,기술 의존 사회에 대한 성찰, 데이터 손상 및 변형에 대한 관심,Photoshop, After Effects, Processing, 직접적인 데이터 조작,회로 왜곡, 데이터 변환,다양한 색상 스펙트럼의 깨짐, RGB 분리, 노이즈,왜곡되거나 깨진 폰트, 픽셀화된 텍스트,데이터 오류를 연상시키는 시각적 요소, 픽셀 유동화, 화면 깨짐,색상 채널 분리, 픽셀 깨짐, 데이터 모싱, 줄무늬 노이즈,디지털 노이즈, 깨진 이미지, 색수차, 왜곡된 형태,,오류의 미학, 불완전성, 기술 비판, 예측 불가능성
기하학적 디자인 패턴,다양한 시대 (고대부터 현대까지),질서, 조화, 안정감을 추구하는 인간의 보편적 미의식, 수학적 원리 적용,문화와 시대에 따라 다양한 의미 부여,수공예, 건축, 디지털 디자인 등 모든 분야,타일, 직물, 종이, 디지털 벡터,다양함 (단색, 다색, 대비 등 패턴의 목적에 따라),패턴의 일부로 통합되거나, 패턴과 조화를 이루는 명료한 서체,반복, 대칭, 변형을 통한 무한한 패턴 생성,로고 자체가 패턴화되거나 패턴의 일부가 됨,원, 삼각형, 사각형, 선, 다각형 등 기본 도형 및 복합 도형,반복되는 유닛, 테셀레이션, 대칭 구조, 프랙탈 구조,,질서, 조화, 반복, 대칭, 안정감, 리듬
낙서,현대 (20세기 중반 이후 특히 발달),하위문화, 도시 거리 예술, 자기 표현, 사회 비판,힙합 문화, 반항 정신, 공공 공간 점유,스프레이 페인트, 마커, 스텐실, (디지털) Procreate, Illustrator,다양하고 강렬한 색상, 즉흥적인 색 사용, 명암 대비,자유롭고 개성적인 손글씨, 태깅(tagging), 버블 레터, 와일드 스타일,자신의 이름이나 크루 이름, 사회적 메시지, 캐릭터,추상적 기호, 캐릭터, 풍자적 그림, 태그,자유로운 선, 스프레이 질감, 흘러내리는 페인트 효과, 스텐실,,자기 표현, 반항, 즉흥성, 에너지, 사회적 발언
네오 클래시컬,18세기 후반 - 19세기 초 / 현대적 재해석,고대 그리스/로마 예술의 이상미와 질서 재해석, (현대) 미니멀리즘과 결합되기도 함,계몽주의, 고전 고고학 발굴 / 현대의 복고 트렌드,회화, 조각, 건축, 디지털 디자인,대리석, 청동 / 디지털 툴, 고급 소재,차분하고 절제된 색상, 고전적 팔레트 / 현대적 무채색, 포인트 컬러,우아한 세리프체, 명료한 산세리프, 균형과 가독성 중시,대칭, 균형, 정제된 장식, 고전적 비율과 형태,기둥, 아치, 월계관 등 고전 모티프의 현대적 단순화,정제된 선, 넓은 여백, 고급스러운 질감, 균형잡힌 레이아웃,,균형, 조화, 질서, 우아함, 절제미
네오브루탈리즘,현대 (2010년대 후반 - 현재),초기 웹의 솔직함과 기능성, 브루탈리즘 건축의 거친 질감 재해석, 플랫 디자인의 반작용,디지털 네이티브 세대의 미학, 안티 디자인 경향,Figma, Sketch, HTML/CSS, JavaScript,강렬한 단색, 높은 채도의 색상, 흑백 대비, 의도적으로 제한된 팔레트,기본 시스템 폰트, 모노스페이스 폰트, 크고 굵은 타이포그래피, 의도적 가독성 저하,거칠고 정제되지 않은 느낌, 그리드 무시, 과장된 그림자,강조된 버튼, 테두리, 단순한 아이콘, 기본 UI 요소의 노출,솔직한 HTML 구조, 그림자 없는 버튼, 과장된 인터랙션,,솔직함, 기능 노출, 반디자인, 실험정신, 원초적 느낌
르네상스 리바이벌,19세기,르네상스 양식의 부활, 고전적 대칭과 조화, 화려한 장식 추가,역사주의 건축 및 디자인 유행, 산업 발전으로 인한 건축 수요 증가,건축, 가구 디자인, 실내 장식,석재, 목재, 테라코타, 철제,풍부하고 깊은 색상, 르네상스 회화에서 영감, 금색 포인트,고전적 세리프체, 장식적인 이탤릭체, 균형잡힌 구성,아치, 기둥, 필라스터, 화려한 조각 장식, 메달리온,고전 조각상, 아칸서스 잎, 그로테스크 문양, 프레스코 스타일 장식,대칭적 파사드, 화려한 창문틀, 정교한 조각, 아치형 입구,,역사주의, 웅장함, 장식성, 고전적 질서, 부의 과시
멤피스 그룹,1980년대,포스트모더니즘 디자인 운동, 기능주의 비판, 유머와 다채로운 색상, 기하학적 형태의 자유로운 조합,대중문화, 키치(Kitsch) 취향, 팝아트 영향,가구, 조명, 텍스타일, 세라믹 디자인,플라스틱 라미네이트, 목재, 금속, 유리,밝고 대담한 원색 및 파스텔톤의 충돌, 점, 줄무늬 등 패턴 사용,장난스럽고 비정형적인 서체, 기하학적 형태와 결합,로고 자체가 장난감 블록처럼 구성되거나, 예측 불가능한 형태,단순한 기하학적 형태(원, 삼각형, 사각형), 물결무늬, 세균 패턴,다채로운 색상의 가구, 비대칭적 형태, 장난스러운 패턴, 라미네이트 표면,,유희성, 반항, 다채로움, 비합리성, 감성적 접근
미니멀리즘,1960년대 이후, 현대까지 지속,불필요한 요소 제거, 본질에 집중, "Less is more",예술, 건축, 디자인 전반의 경향, 동양의 선(禪) 사상 영향,다양한 분야 (건축, 인테리어, 그래픽, 제품),디지털 도구, 단순하고 정제된 재료 (콘크리트, 유리, 금속, 목재),무채색 (흰색, 검정, 회색), 단색 또는 제한된 색상 사용, 고품질 재료 본연의 색,깨끗하고 가독성 높은 산세리프 (Helvetica 등), 충분한 여백, 정제된 타이포그래피,극도의 단순성, 기능성 강조, 장식 배제, 본질적 형태,기본 도형, 선, 면, 여백,단순한 형태, 넓은 여백, 정제된 디테일, 깨끗한 선, 기능적 요소,,단순성, 기능성, 여백의 미, 본질주의, 절제
바로크 리바이벌,19세기 후반 (신바로크 양식),바로크 시대의 웅장함과 화려함을 재현, 공공 건축물, 고급 주택에 사용,역사주의 건축 유행, 국가적 위상 과시,건축, 실내 장식, 가구,석재, 벽돌, 철제, 치장 벽토,풍부하고 극적인 색상, 금색, 대리석 질감,바로크 시대의 장식적인 서체를 모방하거나 현대적으로 재해석,웅장한 규모, 화려한 조각 장식, 곡선과 직선의 대비,과장된 기둥, 박공, 조각상, 화려한 몰딩, 대형 창문,웅장한 파사드, 화려한 계단, 돔, 타원형 공간, 풍부한 장식,,웅장함, 화려함, 권위, 극적인 효과, 역사주의
바우하우스,모더니즘,"독일의 바이마르 공화국 시기, 산업화와 대량생산이 확산되는 시기에 탄생한 디자인 학교 및 운동","제1차 세계대전 이후 독일의 새로운 국가 정체성 모색 시기, 좌파적 사상과 산업 민주화 운동의 영향","Illustrator, UI/UX Tools","금속, 유리, 플라스틱","빨강, 파랑, 노랑의 원색과 검정, 흰색의 대비 강조","산세리프 폰트, 기능적이고 명확한 서체 사용, 대소문자 혼합 사용 지양","기하학적 형태와 단순한 구조, 불필요한 장식 제거, 기능성 강조","기본 도형(원, 삼각형, 사각형)과 직선적 구조","기하학적 패턴, 그리드 시스템, 모듈러 디자인 요소",,"균형, 기능성, 단순성"
스칸디나비안 미니멀리즘,현대,"북유럽 국가들의 실용주의와 자연 친화적 생활 방식, 모든 사람에게 접근 가능한 디자인을 추구하는 민주적 가치","사회 민주주의 체제의 영향, 평등과 복지를 중시하는 정치 문화","Figma, Sketch, UI/UX Tools","목재, 유리, 패브릭","화이트, 그레이, 블랙의 중성색과 파스텔 색상의 절제된 조합, 자연에서 영감받은 색상","깨끗하고 가독성 높은 산세리프 폰트, 충분한 여백, 정돈된 계층 구조","단순하고 기능적인 디자인, 불필요한 장식 제거, 쉽게 인식 가능한 형태","자연에서 영감을 받은 요소, 기하학적 패턴의 단순화, 기능성 강조","넓은 여백, 깨끗한 라인, 간결한 아이콘, 자연 소재의 질감",,"기능성, 단순성, 조화"
스티커밤,현대 (2000년대 이후),다양한 스티커를 겹쳐 붙여 표면을 덮는 방식, 서브컬처, 스트릿 아트,개인의 취향과 정체성 표현, DIY 문화,자동차 튜닝, 노트북, 스케이트보드 등 개인 물품 장식,다양한 종류의 스티커 (비닐, 종이),다양한 색상과 디자인의 스티커 조합, 예측 불가능한 색상 충돌,스티커에 포함된 다양한 타이포그래피와 로고 활용,개별 스티커의 로고, 캐릭터, 문구 등이 모여 하나의 패턴 형성,캐릭터, 브랜드 로고, 슬로건, 그래픽 패턴,개별 스티커의 집합, 무작위적이고 촘촘한 배치, 빈틈없는 표면,,개성 표현, DIY 정신, 시각적 과밀, 서브컬처 감성
아르누보,19세기 말 - 20세기 초 (1890-1910),산업혁명에 대한 반발, 자연주의와 상징주의 영향, 새로운 예술 양식 추구,벨 에포크 시대의 낙관주의와 불안정, 민족주의 부상,수공예, 석판화, 금속 공예, 유리 공예, Illustrator, Photoshop,철, 유리, 목재, 세라믹, 직물, 보석,자연에서 영감받은 부드러운 색조 (올리브 그린, 연보라, 황토색, 크림색), 금색, 은색 포인트,유기적이고 장식적인 곡선 형태의 서체, 식물 덩굴이나 여성의 머리카락을 연상시키는 라인,비대칭적 구성, 흐르는 듯한 곡선, 자연 모티프(꽃, 덩굴, 곤충, 여성) 활용,백조, 공작, 잠자리, 나비, 꽃(백합, 아이리스), 여성의 긴 머리카락, 파도치는 선,유기적인 패턴, 곡선적인 프레임, 장식적인 일러스트레이션, 자연 모티프,,유기적 통일성, 장식성, 비대칭, 유동성, 자연과의 조화
아르데코,모더니즘,"1920-30년대 유럽과 미국에서 번성한 사치와 화려함을 추구하는 문화적 분위기, 재즈 시대의 활기찬 도시 생활","제1차 세계대전 이후 경제적 번영기, 식민지 개척으로 인한 다양한 문화 유입","Illustrator, Photoshop","금속, 세라믹, 유리","골드, 실버, 블랙, 에메랄드 그린, 사파이어 블루 등 대담하고 화려한 색상 조합","기하학적이고 장식적인 서체, 직선과 완만한 곡선의 조화, 대담한 크기 대비","지그재그 패턴, 선버스트 모티프, 기하학적 형태의 화려한 조합","이집트, 아즈텍, 아프리카 문화에서 영감을 받은 장식적 요소, 계단식 형태","기하학적 패턴, 지그재그 라인, 화려한 일러스트레이션, 대담한 타이포그래피",,"강조, 대비, 리듬"
에스테틱 (Aesthetic),현대 (주로 2010년대 이후 인터넷 문화),특정 시각적 스타일이나 분위기를 지칭, Vaporwave, Cottagecore, Y2K 등 다양한 하위 장르,소셜 미디어(인스타그램, 텀블러, 핀터레스트)를 통한 유행 확산,개인적 취향과 정체성 표현, 디지털 큐레이션 문화,Photoshop, VSCO, Canva, 스마트폰 앱,디지털 이미지, 필터, 콜라주,각 에스테틱 장르별 특징적인 색상 팔레트 (예: Vaporwave의 핑크/블루, Cottagecore의 자연색),장르에 따라 다양함 (레트로 폰트, 손글씨 폰트, 미니멀 폰트 등),특정 분위기를 나타내는 이미지, 아이콘, 색감 조합,장르별 상징적 요소 (예: Vaporwave의 고대 조각상, 윈도우95 UI),필터링된 사진, 콜라주, 특정 색감의 이미지 모음, 무드보드,,분위기, 감성, 자기표현, 시각적 일관성, 특정 시대/문화에 대한 향수
오가닉 패턴,다양한 시대,자연에서 발견되는 유기적 형태(식물, 동물, 세포 등)를 모티프로 한 패턴,자연 친화, 생명력, 부드러움 추구,텍스타일, 벽지, 패키징, 그래픽 디자인,자연 소재, 디지털 일러스트레이션,유기적 형태와 어울리는 자연스러운 색상, 파스텔톤, 녹색, 갈색 계열,곡선적이고 부드러운 서체, 패턴과 조화를 이루는 손글씨 느낌,패턴 자체가 브랜드의 시각적 아이덴티티로 활용,꽃, 잎, 나무, 동물, 세포, 물결 등 자연물에서 파생된 형태,반복되는 자연 모티프, 불규칙적인 곡선, 부드러운 질감,,자연스러움, 생명력, 부드러움, 유동성, 편안함
옵아트,1960년대,시각적 착시 효과를 이용한 추상 미술, 관람자의 지각 반응 탐구,옵티컬 아트(Optical Art)의 약자, 과학적 원리 적용,회화, 판화, 그래픽 디자인,패턴, 기하학적 형태, 반복, 대비,주로 흑백의 강한 대비, 때로는 보색 대비를 통한 진동 효과,명확하고 기하학적인 형태와 결합된 타이포그래피 (로고 등에 활용),반복적인 기하학적 패턴, 파동, 소용돌이, 잔상 효과 유도,선, 사각형, 원, 평행선, 격자무늬,반복적인 패턴, 착시 현상, 움직이는 듯한 효과,,시각적 착시, 움직임, 역동성, 비객관성, 관객 참여
윌리엄 모리스 패턴,19세기 후반 (Arts and Crafts Movement),윌리엄 모리스가 디자인한 자연주의적이고 장식적인 패턴, 미술공예운동의 대표적 스타일,산업혁명 기계생산 반발, 수공예 부흥, 중세 장인정신,수공예 (직조, 벽지 인쇄, 태피스트리),목판 인쇄, 직물, 벽지,자연에서 영감받은 풍부하고 조화로운 색상 (주로 녹색, 파랑, 빨강, 황토색),중세풍의 장식적 서체, 패턴과 통합된 텍스트 디자인,패턴 자체가 핵심, 자연 모티프의 반복과 대칭,식물(잎, 꽃, 덩굴), 새, 동물 등 자연 모티프, 중세적 문양,복잡하고 정교한 식물 패턴, 대칭적 구성, 풍부한 디테일,,자연주의, 장인정신, 아름다움의 일상화, 수공예 가치
클래식한 조각스타일,고대 그리스/로마 ~ 르네상스,이상적인 인체 비례와 아름다움 추구, 신화적, 종교적, 역사적 주제 표현,고대 도시국가, 로마 제국, 르네상스 도시국가의 문화적 번영,조각 (대리석, 청동), 드로잉, 건축 장식,대리석, 청동, 테라코타, 목재,재료 본연의 색, 흰색 대리석, 청동의 파티나,고전적이고 위엄 있는 서체 (비문 등),조각상 자체가 상징, 이상화된 인물, 영웅적 자세,신, 영웅, 운동선수, 철학자, 이상화된 여성상,주름진 옷(토가, 키톤), 근육 표현, 균형잡힌 자세, 이상적 얼굴,,이상미, 균형, 조화, 해부학적 정확성, 영웅주의
테라조,고대부터 현대까지 (특히 20세기 초중반, 현대에 재유행),대리석 조각 등을 시멘트나 수지에 혼합하여 굳힌 인조석, 바닥재, 표면 마감재,자원의 재활용, 내구성, 다양한 패턴 가능성,건축 자재, 인테리어 마감, 가구, 소품,대리석, 화강암, 유리 등 골재, 시멘트, 에폭시 수지,골재와 바탕색의 조합에 따라 무한한 색상 가능, 중성색 바탕에 다채로운 골재,패턴의 일부로 사용되거나, 미니멀한 서체와 조화,무작위적인 골재 분포, 독특한 질감과 색상 조합,다양한 크기와 색상의 돌 조각, 유리 조각,패턴화된 표면, 점박이 무늬, 매끄럽거나 광택 처리된 마감,,내구성, 다양성, 재활용, 장식성, 질감
팝아트,1950년대 중후반 - 1960년대,대중문화와 소비 사회를 미술의 주제로 삼음, 광고, 만화, 상품 이미지 차용,전후 대량생산 및 소비문화 확산, 미디어 발달,실크스크린, 콜라주, 회화, 조각, (현대) Illustrator, Photoshop,아크릴 물감, 상업 인쇄물, 플라스틱,밝고 대담한 원색, 형광색, 벤데이 점(Benday dots), 명확한 윤곽선,만화 스타일의 말풍선, 굵고 장식적인 서체, 상업 광고 문구 스타일,상품 로고, 유명인 이미지, 반복적 사용, 대담한 크기,만화 캐릭터, 수프 캔, 콜라 병, 유명인(마릴린 먼로 등),달러 지폐, 하트, 별, 반복되는 이미지, 유명인 초상, 상품 이미지, 만화 컷,,대중성, 아이러니, 반복, 소비문화 반영, 밝고 대담함
페이즐리 패턴,17세기 이후 유럽에 소개, 고대 페르시아/인도 기원,솔방울, 망고, 구부러진 눈물방울 모양의 장식 무늬,실크로드 교역, 동양 문화에 대한 관심,텍스타일 디자인 (숄, 스카프, 넥타이, 의류), 벽지, 카펫,목화, 실크, 양모, (현대) 디지털 프린팅,다채롭고 풍부한 색상, 인도풍의 강렬한 색 조합, 전통적인 염색 기법,패턴과 조화를 이루는 장식적이거나 이국적인 서체,패턴 자체가 주요 특징, 복잡하고 정교한 디테일,구부러진 눈물방울 모양(부타), 꽃, 덩굴 등 세부 장식,반복되는 페이즐리 모티프, 풍부한 내부 장식, 다양한 크기와 방향,,이국적 정취, 장식성, 풍요로움, 전통미, 정교함
펜맨쉽,다양한 시대 (문자 발명 이후),손으로 아름답고 가독성 있게 글씨를 쓰는 기술 및 예술, 서예, 캘리그래피,교육, 기록, 예술 표현, 종교적 경전 필사,펜, 붓, 잉크, 종이, 양피지, (현대) 스타일러스, 태블릿,다양함 (잉크 색상, 종이 색상), 글씨의 가독성과 심미성 고려,글씨 자체가 예술, 다양한 서체 스타일 (고딕, 이탤릭, 카퍼플레이트, 스펜서리안 등),서명, 모노그램, 텍스트 기반 로고, 장식적인 대문자,꽃 장식(플러리싱), 장식적인 선, 스와시(글자 획의 장식적 확장),정교한 필기체, 다양한 굵기의 선, 장식적인 요소, 리듬감 있는 글자 배열,,가독성, 심미성, 숙련도, 표현력, 전통