"디자인 이름","역사적 시대","문화적 배경","정치적 배경","사용 기술","사용 재료","색상 팔레트","타이포그래피","로고 특징","심볼 요소","주요 에셋","참고 이미지","디자인 원칙"
"3D 스타일","현대 (1990년대 이후 컴퓨터 그래픽 발전과 함께 대중화)","영화, 게임, 광고 등 다양한 미디어에서의 시각적 현실감 및 판타지 구현 요구, 기술 발전","기술 발전과 산업적 요구에 따른 성장","3D 모델링 소프트웨어 (Blender, Maya, Cinema 4D), 렌더링 엔진, VR/AR 기술","디지털 (폴리곤, 텍스처, 라이팅, 셰이더)","다양함 (사실적, 초현실적, 단색조 등), 빛과 그림자 효과 중요","3D 형태 제작 타이포그래피, 공간감 있는 배치, 일반 2D 폰트와 혼용","입체감, 그림자, 재질감, 역동적인 형태","3D로 구현된 오브젝트, 추상적 형태, 캐릭터","3D 모델, 렌더링 이미지/애니메이션, 입체 텍스트, VR/AR 콘텐츠","","입체감, 현실감 (또는 의도된 비현실감), 깊이, 역동성, 시각적 풍부함"
"레트로 스타일","현대 (과거 스타일 재해석)","특정 과거 시대(주로 20세기 중후반: 50년대, 60년대, 70년대, 80년대, 90년대 등)에 대한 향수, 빈티지 문화 유행","(특정 정치적 배경보다는) 문화적 순환, 과거에 대한 재해석","디지털 디자인 툴 (Illustrator, Photoshop), 전통 인쇄 기법 모방","시대별 특징적 재료의 질감 모방 (예: 빛바랜 종이, 필름 그레인, 네온사인)","각 레트로 시대별 특징적 색상 (예: 80년대 네온, 70년대 흙색 계열)","해당 시대 유행 서체 (예: 픽셀 폰트, 디스코풍 폰트, 그런지 폰트)","과거 로고 스타일 모방, 빈티지 엠블럼, 특정 시대 아이콘 활용","해당 시대의 상징적 아이템, 패턴, 캐릭터","빛바랜 텍스처, 필름 그레인 효과, 과거 광고 스타일, 시대별 아이콘","","향수, 친숙함, 특정 시대 감성 재현, 시각적 재미"
"레트로 퓨처리즘(Retro Futurism) 스타일","현대 (과거의 미래상 재현)","과거(주로 20세기 중반) 사람들이 상상했던 미래 모습에 대한 향수와 재해석, 과학 소설(SF) 영향","(특정 정치적 배경보다는) 기술 발전에 대한 과거의 낙관/불안 반영","디지털 페인팅, 3D 모델링, 포토샵, 일러스트레이터","금속 질감(크롬), 유리, 플라스틱, 빛나는 소재 (디지털로 표현)","밝고 채도 높은 색상 또는 단색톤, 금속성 색상, 네온 불빛","기하학적 산세리프, 우주 시대풍 서체, 디지털 숫자판 느낌","유선형, 로켓 모양, 원자 모티프, 기계적 느낌","로봇, 우주선, 비행 자동차, 원자력 심볼, 기하학적 도시 풍경","크롬 질감, 빛나는 라인, 오래된 포스터 느낌, 공상과학 영화의 한 장면","","과거의 미래상, 낙관주의 또는 디스토피아, 기술적 상상력, 향수"
"마스큘린(masculine) 스타일","다양한 시대, 현대에 재정의","남성적 특성(강인함, 견고함, 실용성, 절제미)을 시각적으로 표현","(특정 정치적 배경보다는) 사회적 성 역할 인식과 연관","다양함 (인더스트리얼 디자인, 그래픽 디자인, 타이포그래피 등)","가죽, 금속, 콘크리트, 어두운 목재, 견고한 질감의 소재","어두운 색조 (검정, 회색, 네이비, 브라운, 올리브 그린), 낮은 채도, 강한 대비","굵고 견고한 산세리프 또는 슬랩세리프, 명확하고 직선적인 타이포그래피","강하고 단순한 형태, 기하학적 구조, 엠블럼 스타일","기하학적 도형, 동물(예: 사자, 늑대), 도구, 톱니바퀴","거친 질감, 금속성 하이라이트, 가죽 스티치, 명확한 선","","강인함, 단순함, 실용성, 견고함, 절제미, 신뢰성"
"미니멀리즘, 맥시멀리즘","미니멀리즘(20세기 중반 이후), 맥시멀리즘(역사적 반복, 현대 재부상)","(미니멀리즘) 본질 집중, 기능주의, ""Less is more"" / (맥시멀리즘) 화려함, 자기표현, 장식성, ""More is more"", 포스트모더니즘","(두 스타일 모두) 사회/문화적 가치관 변화와 디자인 철학의 대립 또는 공존","(두 스타일 모두) 디지털 디자인 툴, 인쇄 기술 등. 표현 방식의 차이","(미니멀리즘) 단순, 정제된 재료 / (맥시멀리즘) 다양하고 풍부한 재료, 다층적 텍스처, 장식적 요소","(미니멀리즘) 무채색, 단색, 제한적 팔레트 / (맥시멀리즘) 다채롭고 대담한 색상, 강렬한 패턴, 이질적 색상 혼합","(미니멀리즘) 명료한 산세리프, 충분한 여백 / (맥시멀리즘) 장식적, 다양한 폰트 혼합, 표현적이고 실험적인 타이포그래피","(미니멀리즘) 단순, 기호적, 기능적 / (맥시멀리즘) 복잡, 장식적, 다층적, 서사적","(미니멀리즘) 기본 도형, 선, 여백 / (맥시멀리즘) 다양한 오브제, 콜라주, 패턴, 비유적 상징","(미니멀리즘) 넓은 여백, 단순한 아이콘, 정제된 레이아웃 / (맥시멀리즘) 꽉 찬 레이어, 풍부한 텍스처, 복잡한 일러스트레이션, 다양한 요소의 병치","","(미니멀리즘) 본질주의, 기능성, 명료성 / (맥시멀리즘) 표현주의, 장식성, 다층성, 감성적 풍요로움"
"사진 기반(Photo-based) 스타일","사진 발명 이후 (19세기 중반 - 현재)","사진의 기록성과 사실성, 또는 예술적 표현 가능성 활용, 다양한 메시지 전달","(사진의 용도에 따라) 사회 비판, 광고, 예술 표현 등 다양","카메라, 사진 편집 소프트웨어 (Photoshop, Lightroom), 스톡 포토 서비스","사진 이미지 자체, 디지털 또는 필름","사진의 톤앤매너에 따라 다양함 (흑백, 세피아, 고채도, 저채도 등)","사진과 조화를 이루거나 대비되는 타이포그래피, 사진 위에 직접 배치","사진을 활용한 로고, 또는 사진 분위기와 어울리는 간결한 로고","사진 속 인물, 풍경, 사물, 추상적 이미지","고품질 사진, 사진 필터 효과, 사진 콜라주, 더블 익스포저","","사실성, 감성 전달, 시각적 스토리텔링, 기록성, 예술성"
"여성스러운(feminine) 스타일","다양한 시대, 현대에 재정의","여성적 특성(우아함, 부드러움, 섬세함, 따뜻함)을 시각적으로 표현","(특정 정치적 배경보다는) 사회적 성 역할 인식과 미적 취향 변화 연관","다양함 (패션, 뷰티, 그래픽 디자인, 일러스트레이션 등)","부드러운 직물(실크, 레이스), 파스텔톤 소재, 꽃, 곡선적 가구","파스텔톤 (핑크, 라벤더, 민트, 크림색), 밝고 부드러운 색상, 금색/로즈골드 포인트","우아한 세리프체, 손글씨 스타일의 스크립트 폰트, 얇고 섬세한 선","곡선적이고 유려한 형태, 꽃이나 리본 모티프 활용, 섬세한 디테일","꽃, 나비, 새, 하트, 리본, 보석, 부드러운 곡선","수채화 질감, 꽃 일러스트, 파스텔 배경, 반짝이는 효과, 섬세한 패턴","","우아함, 부드러움, 섬세함, 따뜻함, 아름다움, 감성적 매력"
"오가닉 디자인 스타일","20세기 초부터 현대까지 지속 (아르누보, 미드센추리 모던, 현대 건축 등)","자연의 형태, 과정, 재료에서 영감을 얻어 디자인에 적용, 지속가능성 중시","산업화에 대한 반성, 환경 문제 대두, 인간 중심 디자인 추구","3D 모델링, 수공예, 디지털 디자인, 건축 설계","목재, 석재, 흙, 식물 등 천연 재료 또는 자연적 질감을 모방한 재료","자연에서 발견되는 색상 (녹색, 갈색, 흙색, 하늘색), 차분하고 조화로운 색조","부드러운 곡선의 서체, 손글씨 느낌, 자연스러운 레이아웃","유기적인 형태, 비정형적 로고, 자연물 모티프 활용","나뭇잎, 물결, 세포, 조약돌, 나무, 동물 등 자연적 형태","곡선적인 형태, 자연 소재의 질감, 비대칭적 균형, 식물 패턴","","자연과의 조화, 지속가능성, 인간 중심, 편안함, 생명력"
"일러스트(illustrated) 스타일","인쇄술 발달 이후, 현대에 더욱 다양화","손 그림 또는 디지털 일러스트레이션을 주요 시각 요소로 사용, 다양한 분위기 연출 가능","이야기 전달, 감성 자극, 브랜드 개성 표현, 복잡한 개념 시각화","수작업 도구(펜, 물감, 연필), 디지털 드로잉 소프트웨어 (Illustrator, Procreate, Photoshop)","종이, 캔버스, 디지털 화면","일러스트의 스타일과 주제에 따라 무한히 다양함","일러스트와 조화를 이루는 서체, 손글씨 폰트, 장식적 폰트","일러스트 자체가 로고가 되거나, 로고와 일러스트가 결합된 형태","캐릭터, 상징적 사물, 추상적 형태, 이야기 속 장면","다양한 스타일의 일러스트(플랫, 라인아트, 수채화풍, 만화풍 등), 캐릭터 디자인","","개성, 독창성, 시각적 매력, 스토리텔링, 감성적 연결"
"즐거운(playful) 스타일","현대 (특히 아동용 제품, 캐주얼 브랜드, 엔터테인먼트 분야)","긍정적 감정 유발, 재미, 유머, 호기심 자극, 친근함 강조","경직된 분위기 탈피, 사용자/소비자와의 감성적 유대 강화","일러스트레이션, 모션 그래픽, 밝은 색상 활용, 디지털 툴","다양함 (주로 밝고 부드러운 질감, 플라스틱, 직물 등)","밝고 다채로운 원색, 파스텔톤, 무지개색, 재미있는 색상 조합","둥글고 부드러운 서체, 손글씨 느낌, 장난스러운 디테일의 폰트","귀여운 캐릭터, 웃는 표정, 역동적인 형태, 비정형적 로고","동물 캐릭터, 웃는 얼굴, 별, 풍선, 장난감, 말풍선","밝고 통통 튀는 일러스트, 재미있는 애니메이션, 귀여운 아이콘, 유머러스한 문구","","재미, 긍정, 친근함, 유머, 호기심 유발, 활기"
"지오메트리 스타일","고대부터 현대까지 (특히 모더니즘, 아르데코, 현대 그래픽)","기하학적 도형(원, 삼각형, 사각형, 선 등)과 패턴을 핵심 디자인 요소로 사용","질서, 구조, 논리, 현대성, 추상미 추구","벡터 그래픽 소프트웨어 (Illustrator), 그리드 시스템, 코딩(생성 예술)","디지털, 종이, 건축자재 등 다양함","단색, 강렬한 대비, 보색 조화, 그라데이션 등 도형을 강조하는 색상","기하학적 산세리프, 그리드 기반의 명확한 타이포그래피","도형 자체를 활용한 로고, 추상적이고 단순한 형태, 대칭/비대칭 구조","기본 도형의 반복, 조합, 변형, 테셀레이션, 프랙탈","기하학적 패턴, 아이소메트릭 일러스트, 로우폴리(Low Poly) 그래픽, 그리드 레이아웃","","질서, 구조, 명료성, 현대성, 추상미, 논리적 아름다움"
"타이포그래피 포커스(Typograaphy Focused) 스타일","인쇄술 발명 이후, 특히 스위스 스타일, 현대 미니멀리즘 등","텍스트 자체를 주요 시각적, 조형적 요소로 사용하여 메시지 전달 및 미적 표현","정보의 명확한 전달, 언어의 시각적 힘 강조, 브랜드 아이덴티티 구축","타이포그래피 소프트웨어(InDesign, Illustrator), 폰트 디자인 툴, 웹폰트 기술","글자, 폰트, 종이, 디지털 화면","텍스트의 가독성과 주목성을 높이는 색상 조합, 대비 활용","다양한 서체(세리프, 산세리프, 스크립트, 디스플레이)의 창의적 활용, 글자 크기, 무게, 자간, 행간 조절","글자로만 이루어진 로고(워드마크, 레터마크), 타이포그래픽 자체의 조형미 강조","알파벳, 숫자, 문장 부호, 캘리그래피 요소","키네틱 타이포그래피, 대형 타이포그래피 포스터, 편집 디자인, 워드 아트","","가독성, 명료성, 표현력, 조형미, 정보 전달의 효율성, 언어의 시각화"
"플랫 디자인","현대 (2010년대 초중반 유행, 현재까지 영향)","입체감, 그림자, 그라데이션, 텍스처 등 장식적 요소를 배제한 2차원적 디자인","스큐어모피즘에 대한 반작용, 디지털 화면에서의 명확성, 빠른 로딩 속도 추구","벡터 그래픽 소프트웨어 (Illustrator, Sketch, Figma), UI/UX 디자인 툴","디지털 화면, 아이콘, 인터페이스","단색, 밝고 선명한 색상, 제한된 색상 팔레트, 명확한 색상 대비","단순하고 가독성 높은 산세리프 폰트, 충분한 여백","단순한 형태의 아이콘, 색면으로 구성된 로고, 미니멀한 표현","단순화된 아이콘, 기하학적 도형, 색면","미니멀한 아이콘, 단순한 UI 요소, 명확한 레이아웃, 밝은 색상의 배경","","단순성, 명료성, 사용성, 기능성, 현대성, 시각적 편안함"
"픽셀 아트(Pixel Art) 스타일","1970년대 - 1990년대 (초기 비디오 게임), 현대에 레트로 스타일로 재유행","이미지를 정사각형의 작은 점(픽셀) 단위로 만드는 디지털 아트 기법","컴퓨터 그래픽 초기의 기술적 제약, 레트로 게임에 대한 향수, 독특한 미감","픽셀 아트 편집기 (Aseprite, Piskel, Photoshop), 제한된 색상 팔레트 사용","디지털 (픽셀 그리드)","제한된 색상 팔레트 (예: 8비트, 16비트 게임기 색상), 높은 대비","픽셀 기반 폰트 (비트맵 폰트), 가독성을 고려한 단순한 형태","픽셀로 만들어진 로고, 단순화된 아이콘 형태","캐릭터 스프라이트, 게임 아이템, 배경 타일, 아이콘","픽셀 캐릭터, 도트 배경, 8비트/16비트 스타일 아이콘, 픽셀 애니메이션","","레트로 감성, 단순함 속의 디테일, 독특한 미학, 향수, 제약의 미학"
"하프톤(Halfton Effect) 스타일","19세기 후반 인쇄 기술로 발명, 현대에 그래픽 효과로 활용","연속적인 톤의 이미지를 작은 점(망점)의 크기나 밀도로 변환하여 인쇄하는 기법 또는 그 효과","인쇄물 느낌 재현, 빈티지 또는 팝아트 스타일 표현, 시각적 질감 추가","Photoshop, Illustrator (플러그인 또는 수동 작업), 스크린 프린팅","디지털 이미지, 인쇄물","주로 흑백 또는 단색, 점의 밀도에 따라 명암 표현, 팝아트에서는 다채로운 색상과 결합","이미지와 조화를 이루거나, 빈티지 인쇄물 느낌의 서체","하프톤 패턴을 로고의 일부로 사용하거나 배경으로 활용","점, 원, 선, 사각형 등 다양한 형태의 망점 패턴","망점 패턴, 빈티지 만화책 효과, 신문 인쇄 질감, 팝아트 스타일 이미지","","빈티지, 레트로, 인쇄물 질감, 시각적 흥미, 스타일리시함"
"핸드 드로잉(Hand-drawn) 스타일","선사시대부터 현재까지","손으로 직접 그린 듯한 느낌을 주는 스타일, 스케치, 수채화, 펜화, 마커 등 다양","인간적인 따뜻함, 독창성, 예술적 감성, 친근함 전달","연필, 펜, 붓, 마커, 목탄, 파스텔, 디지털 드로잉 태블릿과 소프트웨어","종이, 캔버스, 디지털 화면","사용한 도구와 표현 기법에 따라 다양함 (단색 스케치, 다채로운 수채화 등)","손글씨 폰트, 스케치 느낌의 서체, 자연스럽고 비정형적인 타이포그래피","손으로 그린 듯한 로고, 불완전하고 유기적인 선, 독특한 필체","스케치 선, 붓 터치, 번짐 효과, 낙서, 캐릭터, 자연물","자유로운 선의 일러스트, 수채화 배경, 손글씨 텍스트, 스케치 질감","","인간미, 따뜻함, 독창성, 진정성, 예술적 감성, 친근함"