디자인 이름,역사적 시대,문화적 배경,정치적 배경,사용 기술,사용 재료,색상 팔레트,타이포그래피,로고 특징,심볼 요소,주요 에셋,참고 이미지,디자인 원칙
90년대 해와 달,,,,,,,,,,,,
Ancient Pictographic Art,,,,,,,,,,,,
Ancient Roman Decorative,,,,,,,,,,,,
Art Deco,,,,,,,,,,,,
Art Deco,,,,,,,,,,,,
Art Nouveau,,,,,,,,,,,,
Arts and Crafts Movement,,,,,,,,,,,,
Baroque,,,,,,,,,,,,
Bauhaus,,,,,,,,,,,,
Byzantine Mosaic Style,,,,,,,,,,,,
Chinoiserie,,,,,,,,,,,,
Classical Illustration,,,,,,,,,,,,
Constructivism,,,,,,,,,,,,
Constructivism,,,,,,,,,,,,
Constructivism (초기),,,,,,,,,,,,
Islamic Geometric Art,,,,,,,,,,,,
Jugendstil,,,,,,,,,,,,
Medieval Ornamentation,,,,,,,,,,,,
Mesopotamian Geometric,,,,,,,,,,,,
Mid-century Modern,,,,,,,,,,,,
Modernist Graphic Design,,,,,,,,,,,,
Neoclassical Minimalism,,,,,,,,,,,,
Neoclassicism,,,,,,,,,,,,
Op Art,,,,,,,,,,,,
Pop Art,,,,,,,,,,,,
Pop Art (초기),,,,,,,,,,,,
Primitive Symbolism,,,,,,,,,,,,
Psychedelic Art,,,,,,,,,,,,
Rococo,,,,,,,,,,,,
Romanticism,,,,,,,,,,,,
Secessionist Style,,,,,,,,,,,,
Social Realism,,,,,,,,,,,,
Streamline Moderne,,,,,,,,,,,,
Swiss Style (International Typographic Style),,,,,,,,,,,,
Victorian Ornamental,,,,,,,,,,,,
Wiener Werkstätte,,,,,,,,,,,,
World War II Propaganda,,,,,,,,,,,,
거친 그라데이션,,,,,,,,,,,,
글래스모피즘,,,,,,,,,,,,
글리치 아트,,,,,,,,,,,,
기하학적 디자인 패턴,,,,,,,,,,,,
낙서,,,,,,,,,,,,
네오 클래시컬,,,,,,,,,,,,
네오브루탈리즘,,,,,,,,,,,,
르네상스 리바이벌,,,,,,,,,,,,
멤피스 그룹,,,,,,,,,,,,
미니멀리즘,,,,,,,,,,,,
바로크 리바이벌,,,,,,,,,,,,
바우하우스,모더니즘,"독일의 바이마르 공화국 시기, 산업화와 대량생산이 확산되는 시기에 탄생한 디자인 학교 및 운동","제1차 세계대전 이후 독일의 새로운 국가 정체성 모색 시기, 좌파적 사상과 산업 민주화 운동의 영향","Illustrator, UI/UX Tools","금속, 유리, 플라스틱","빨강, 파랑, 노랑의 원색과 검정, 흰색의 대비 강조","산세리프 폰트, 기능적이고 명확한 서체 사용, 대소문자 혼합 사용 지양","기하학적 형태와 단순한 구조, 불필요한 장식 제거, 기능성 강조","기본 도형(원, 삼각형, 사각형)과 직선적 구조","기하학적 패턴, 그리드 시스템, 모듈러 디자인 요소",,"균형, 기능성, 단순성"
스칸디나비안 미니멀리즘,현대,"북유럽 국가들의 실용주의와 자연 친화적 생활 방식, 모든 사람에게 접근 가능한 디자인을 추구하는 민주적 가치","사회 민주주의 체제의 영향, 평등과 복지를 중시하는 정치 문화","Figma, Sketch, UI/UX Tools","목재, 유리, 패브릭","화이트, 그레이, 블랙의 중성색과 파스텔 색상의 절제된 조합, 자연에서 영감받은 색상","깨끗하고 가독성 높은 산세리프 폰트, 충분한 여백, 정돈된 계층 구조","단순하고 기능적인 디자인, 불필요한 장식 제거, 쉽게 인식 가능한 형태","자연에서 영감을 받은 요소, 기하학적 패턴의 단순화, 기능성 강조","넓은 여백, 깨끗한 라인, 간결한 아이콘, 자연 소재의 질감",,"기능성, 단순성, 조화"
스티커밤,,,,,,,,,,,,
아르누보,,,,,,,,,,,,
아르데코,모더니즘,"1920-30년대 유럽과 미국에서 번성한 사치와 화려함을 추구하는 문화적 분위기, 재즈 시대의 활기찬 도시 생활","제1차 세계대전 이후 경제적 번영기, 식민지 개척으로 인한 다양한 문화 유입","Illustrator, Photoshop","금속, 세라믹, 유리","골드, 실버, 블랙, 에메랄드 그린, 사파이어 블루 등 대담하고 화려한 색상 조합","기하학적이고 장식적인 서체, 직선과 완만한 곡선의 조화, 대담한 크기 대비","지그재그 패턴, 선버스트 모티프, 기하학적 형태의 화려한 조합","이집트, 아즈텍, 아프리카 문화에서 영감을 받은 장식적 요소, 계단식 형태","기하학적 패턴, 지그재그 라인, 화려한 일러스트레이션, 대담한 타이포그래피",,"강조, 대비, 리듬"
에스테틱,,,,,,,,,,,,
오가닉 패턴,,,,,,,,,,,,
옵아트,,,,,,,,,,,,
윌리엄 모리스 패턴,,,,,,,,,,,,
클래식한 조각스타일,,,,,,,,,,,,
테라조,,,,,,,,,,,,
팝아트,,,,,,,,,,,,
페이즐리 패턴,,,,,,,,,,,,
펜맨쉽,,,,,,,,,,,,